[
  {
    "mob": "alexsmobs:void_worm",
    "persecond": 0.005,
    "attempts": 5,
    "amount": {
      "minimum": 1,
      "maximum": 1
    },
    "conditions": {
      "dimension": "the_deep_void:deeper_void",
      "norestrictions": true,
	
      "maxthis": 1
    }
  },
  {
	"mob": "alexscaves:gammaroach",
	"persecond": 1,
    "attempts": 5,
    "amount": {
      "minimum": 3,
      "maximum": 15
	},
	"conditions": {
      "dimension": "minecraft:the_nether",
      "norestrictions": true,
	
	"maxthis": 100
	}
      
    },
 {
	"mob": "alexscaves:nucleeper",
	"persecond": 0.5,
    "attempts": 5,
    "amount": {
      "minimum": 1,
      "maximum": 2
	},
	"conditions": {
      "dimension": "minecraft:the_nether",
      "norestrictions": true,
	
	"maxthis": 5
	}
      
    }



]