[

{
    "dimension": "minecraft:overworld",
    "when": "onjoin",
    "mod": "the_figures",
    "result": "deny"
  },
{
    "dimension": "minecraft:the_nether",
    "when": "onjoin",
    "mod": "the_figures",
    "result": "deny"
  },
{
    "dimension": "minecraft:the_end",
    "when": "onjoin",
    "mod": "the_figures",
    "result": "deny"
  },
  {
    "dimension": "minecraft:the_end",
    "when": "onjoin",
    "mod": "insanity",
    "result": "deny"
  },
{
    "dimension": "minecraft:overworld",
    "when": "onjoin",
    "mod": "insanity",
    "result": "deny"
  },
{
    "dimension": "minecraft:the_nether",
    "when": "onjoin",
    "mod": "insanity",
    "result": "deny"
  },

{
    "dimension": "the_deep_void:deep_void",
    "when": "onjoin",
    "mod": "insanity",
    "result": "allow"
  },
{
    "dimension": "the_deep_void:deep_void",
    "when": "onjoin",
    "mod": "the_figures",
    "result": "allow"
  },
 {
    "mob": "the_figures:terrant",
    "dimension": "the_deep_void:deep_void",
    "mincount": 0,
"when": "onjoin",
    "result": "allow",
 "healthmultiply": 100,
    "damagemultiply": 255,
    "speedmultiply": 2
  },
{
    "mob": "the_figures:terrant",
    "dimension": "minecraft:overworld",
"when": "onjoin",
    "result": "deny"
  },
{
    "mob": "the_figures:terrant",
    "dimension": "minecraft:the_end",
    "result": "deny"
  },
{
    "mob": "the_figures:terrant",
    "dimension": "minecraft:the_nether",
    "result": "deny"
  },

 {
    "mob": "the_figures:face",
    "mincount": 9,
"when": "onjoin",
    "result": "deny"
  },


 {
    "dimension": "minecraft:overworld",
    "when": "onjoin",
    "mincount": 1,

   "mob": "the_deep_void:abductor",
    "result": "deny"
  },

{
 "biome": "alexscaves:primordial_caves",
	"mod":"undead_revamp2",
	"result":"deny"
},
{
 "biome": "alexscaves:primordial_caves",
	"mod":"majruszsdifficulty",
	"result":"deny"
},

{
 "biome": "alexscaves:forlorn_hollows",
	"mod":"undead_revamp2",
	"result":"deny"

},

{
 "biome": "alexscaves:magnetic_caves",
	"mod":"undead_revamp2",
	"result":"deny"

},

{
 "biome": "alexscaves:toxic_caves",
	"mod":"undead_revamp2",
	"result":"deny"

},
{
"biome": "alexscaves:toxic_caves",
    "mob": ["minecraft:creeper", "minecraft:skeleton", "minecraft:zombie","minecraft:spider"],
"when":"onjoin",
    "result": "deny"


},
{
"biome": "alexscaves:forlorn_hollows",
    "mob": ["minecraft:creeper", "minecraft:skeleton", "minecraft:zombie","minecraft:spider"],
"when":"onjoin",
    "result": "deny"


},
{
 "biome": "alexscaves:forlorn_hollows",
	"mod":"majruszsdifficulty",
	"result":"deny"
},
{
    "mob": ["minecraft:warden"],
 
    "when": "finalize",
    "result": "allow",
    "healthmultiply": 3.5,
"attackspeedmultiply": 1.5,
    "damagemultiply": 2
    },
{
    "mod":mowziesmobs",
    "mob": ["mowziesmobs:frostmaw"],
 
    "when": "finalize",
    "result": "allow",
    "healthmultiply": 3.5,
"attackspeedmultiply": 1.5,
    "damagemultiply": 3.5
    },

{
    "mod":"alexscaves",
    "dimension": "minecraft:the_nether",
   "biome": "incendium:toxic_heap",
    "result": "deny"
  },
  {
    "mod":"alexscaves",
    "dimension": "minecraft:the_nether",
    "incontrol": true,
    "result": "deny"
  }

 
]