[
  {
    "mob": "alexsmobs:void_worm",
    "persecond": 0.05,
    "attempts": 1,
    "amount": {
      "minimum": 1,
      "maximum": 1
    },
    "conditions": {
      "dimension": "the_deep_void:deep_void",
      "norestrictions": true,
	"inair" : true,
      "maxthis": 1
    }
  },
  {
	"mob": "alexscaves:gammaroach",
	"persecond": 1,
    "attempts": 5,
    "amount": {
      "minimum": 3,
      "maximum": 15
	},
	"conditions": {
      "dimension": "minecraft:the_nether",
      "norestrictions": true,
	
	"maxthis": 100
	}
      
    },
 {
	"mob": "alexscaves:nucleeper",
	"persecond": 0.5,
    "attempts": 5,
    "amount": {
      "minimum": 1,
      "maximum": 2
	},
	"conditions": {
      "dimension": "minecraft:the_nether",
      "norestrictions": true,
	
	"maxthis": 5
	}
      
    },
 {
	
    "mob": "the_deep_void:damned",
    "persecond": 12,
    "attempts": 20,
    "amount": {
      "minimum": 2,
      "maximum": 5
    },
	"conditions": {
	"dimension":"the_deep_void:deep_void",
	"norestrictions":true,
	"maxthis": 100
	}
},
 {
	
    "mob": "the_deep_void:ghostly_nightmare",
    "persecond": 0.05,
    "attempts": 3,
    "amount": {
      "minimum": 1,
      "maximum": 3
    },
	"conditions": {
	"dimension":"the_deep_void:deep_void",
	"norestrictions":true,
	"maxthis": 3
	}
},

 {
	
    "mob": "alexsmobs:spectre",
    "persecond": 0.05,
    "attempts": 3,
    "amount": {
      "minimum": 1,
      "maximum": 3
    	},
	"conditions": {
	"dimension":"the_deep_void:deep_void",
	"norestrictions":true,
	"inair" : true,
	"maxthis": 4
		}
	},
{
	
    "mob": "alexsmobs:cosmic_cod",
    "persecond": 0.5,
    "attempts": 3,
    "amount": {
      "minimum": 3,
      "maximum": 7
    	},
	"conditions": {
	"dimension":"the_deep_void:deep_void",
	"norestrictions":true,
	"inair" : true,
	"maxthis": 10
		}
	}

]