{
  "secondsMaximum": 14.0,
  "secondsMinimum": 12.0,
  "absorptionStunSeconds": 10.0,
  "minimumMatchingTrims": 1,
  "enableCombinedEffects": true,
  "effects": {
    "spire": "strength",
    "eye": "regeneration",
    "snout": "fire_resistance",
    "rib": "haste",
    "vex": "invisibility",
    "ward": "absorption",
    "tide": "luck",
    "wild": "hero_of_the_village",
    "coast": "water_breathing",
    "dune": "speed",
    "sentry": "resistance",
    "wayfinder": "slow_falling",
    "shaper": "saturation",
    "silence": "night_vision",
    "raiser": "saturation",
    "host": "glowing",
    "flow": "jump_boost",
    "bolt": "strength"
  },
  "strengths": {
    "copper": 0,
    "iron": 0,
    "redstone": 0,
    "lapis": 0,
    "quartz": 0,
    "gold": 0,
    "emerald": 0,
    "amethyst": 0,
    "diamond": 1,
    "netherite": 2
  }
}