[

{
    "dimension": "minecraft:overworld",
    "when": "onjoin",
    "mod": "the_figures",
    "result": "deny"
  },
{
    "dimension": "minecraft:the_nether",
    "when": "onjoin",
    "mod": "the_figures",
    "result": "deny"
  },
{
    "dimension": "minecraft:the_end",
    "when": "onjoin",
    "mod": "the_figures",
    "result": "deny"
  },
  {
    "dimension": "minecraft:the_end",
    "when": "onjoin",
    "mod": "insanity",
    "result": "deny"
  },
{
    "dimension": "minecraft:overworld",
    "when": "onjoin",
    "mod": "insanity",
    "result": "deny"
  },
{
    "dimension": "minecraft:the_nether",
    "when": "onjoin",
    "mod": "insanity",
    "result": "deny"
  },

{
    "dimension": "the_deep_void:deep_void",
    "when": "onjoin",
    "mod": "insanity",
    "result": "allow"
  },
{
    "dimension": "the_deep_void:deep_void",
    "when": "onjoin",
    "mod": "the_figures",
    "result": "allow"
  },
 {
    "mob": "the_figures:terrant",
    "dimension": "the_deep_void:deep_void",
    "mincount": 0,
"when": "onjoin",
    "result": "allow",
 "healthmultiply": 100,
    "damagemultiply": 255,
    "speedmultiply": 2
  },
{
    "mob": "the_figures:terrant",
    "dimension": "minecraft:overworld",
"when": "onjoin",
    "result": "deny"
  },
{
    "mob": "the_figures:terrant",
    "dimension": "minecraft:the_end",
    "result": "deny"
  },
{
    "mob": "the_figures:terrant",
    "dimension": "minecraft:the_nether",
    "result": "deny"
  },

 {
    "mob": "the_figures:face",
    "mincount": 9,
"when": "onjoin",
    "result": "deny"
  }



 






 
]